trade_number,direction,entry_time_utc,exit_time_utc,entry_price_usdt,exit_price_usdt,size_qty,size_value_usdt,net_pnl_usdt,return_pct,favorable_excursion_usdt,favorable_excursion_pct,adverse_excursion_usdt,adverse_excursion_pct,cumulative_pnl_usdt,cumulative_pnl_pct,duration_bars,entry_signal,exit_signal
1,short,2025-02-01T16:00:00Z,2025-02-02T06:30:00Z,3.8918,3.7575,25.69,99.980342,3.35,3.35,5.9,5.90,-1.89,-1.89,3.35,3.35,29,Short,Regime Flat
2,short,2025-02-02T17:30:00Z,2025-02-03T07:30:00Z,3.3675,3.0972,30.69,103.348575,8.2,7.93,30.16,29.17,-2.17,-2.10,11.55,11.55,28,Short,Regime Flat
3,long,2025-02-03T18:30:00Z,2025-02-04T06:00:00Z,3.5323,3.3978,31.58,111.550034,-4.36,-3.90,9.45,8.47,-5.9,-5.28,7.19,7.19,23,Long,Regime Flat
4,short,2025-02-05T18:30:00Z,2025-02-06T06:30:00Z,3.3511,3.449,31.98,107.168178,-3.24,-3.02,2.09,1.95,-3.77,-3.52,3.95,3.95,24,Short,Regime Flat
5,short,2025-02-08T05:00:00Z,2025-02-08T11:00:00Z,2.9364,2.975,35.4,103.94856,-1.47,-1.41,1.91,1.84,-2.55,-2.45,2.48,2.48,12,Short,Regime Flat
6,long,2025-02-10T17:30:00Z,2025-02-10T21:00:00Z,3.2621,3.2502,31.41,102.462561,-0.48,-0.46,0.76,0.74,-1.11,-1.08,2,2.00,7,Long,Regime Flat
7,long,2025-02-11T07:00:00Z,2025-02-11T16:00:00Z,3.5374,3.4683,28.84,102.018616,-2.09,-2.05,1.5,1.47,-4.88,-4.78,-0.09,-0.09,18,Long,Regime Flat
8,long,2025-02-13T05:30:00Z,2025-02-13T08:30:00Z,3.5696,3.5244,27.99,99.913104,-1.36,-1.36,0.71,0.71,-2.05,-2.05,-1.45,-1.45,6,Long,Regime Flat
9,short,2025-02-15T17:00:00Z,2025-02-15T22:00:00Z,3.4114,3.4129,28.88,98.521232,-0.14,-0.14,1.11,1.12,-0.64,-0.64,-1.6,-1.60,10,Short,Regime Flat
10,short,2025-02-18T17:00:00Z,2025-02-18T20:30:00Z,2.9533,2.9957,33.32,98.403956,-1.51,-1.54,1.05,1.06,-2.93,-2.98,-3.11,-3.11,7,Short,Regime Flat
11,short,2025-02-21T20:00:00Z,2025-02-22T05:30:00Z,3.2548,3.3822,29.76,96.862848,-3.89,-4.01,0.74,0.76,-4.04,-4.16,-7,-7.00,19,Short,Regime Flat
12,short,2025-02-23T16:00:00Z,2025-02-23T18:30:00Z,3.2895,3.3319,28.27,92.994165,-1.29,-1.39,0,0.00,-1.45,-1.56,-8.29,-8.29,5,Short,Regime Flat
13,short,2025-02-24T15:30:00Z,2025-02-25T13:00:00Z,3.0026,2.8402,30.54,91.699404,4.87,5.31,11.2,12.21,-2.24,-2.45,-3.42,-3.42,43,Short,Regime Flat
14,short,2025-02-28T01:30:00Z,2025-02-28T14:00:00Z,2.7093,2.7129,35.64,96.559452,-0.22,-0.23,6.76,7.00,-1.19,-1.23,-3.64,-3.64,25,Short,Regime Flat
15,long,2025-02-28T19:00:00Z,2025-03-01T06:30:00Z,2.8194,2.8468,34.17,96.338898,0.84,0.87,3.59,3.72,-1.15,-1.19,-2.8,-2.80,23,Long,Regime Flat
16,long,2025-03-02T18:30:00Z,2025-03-03T06:30:00Z,3.1707,3.0522,30.65,97.181955,-3.73,-3.83,2.46,2.53,-3.71,-3.81,-6.53,-6.53,24,Long,Regime Flat
17,short,2025-03-03T11:30:00Z,2025-03-04T17:30:00Z,2.9472,2.4223,31.71,93.455712,16.56,17.71,22.03,23.56,-2.17,-2.33,10.03,10.03,60,Short,Regime Flat
18,long,2025-03-06T06:00:00Z,2025-03-06T11:00:00Z,2.7157,2.6796,40.51,110.013007,-1.57,-1.43,0.39,0.35,-2.51,-2.28,8.46,8.46,10,Long,Regime Flat
19,long,2025-03-06T15:30:00Z,2025-03-06T19:00:00Z,2.9025,2.8083,37.36,108.4374,-3.63,-3.34,3.53,3.25,-4.24,-3.91,4.83,4.83,7,Long,Regime Flat
20,short,2025-03-08T10:00:00Z,2025-03-08T13:00:00Z,2.5624,2.5731,40.9,104.80216,-0.54,-0.52,1.25,1.19,-1.14,-1.08,4.29,4.29,6,Short,Regime Flat
21,short,2025-03-09T15:30:00Z,2025-03-10T01:30:00Z,2.366,2.3405,44.08,104.29328,1.02,0.98,5.04,4.83,-0.65,-0.62,5.31,5.31,20,Short,Regime Flat
22,short,2025-03-11T00:30:00Z,2025-03-11T05:30:00Z,2.0467,2.1853,51.45,105.302715,-7.24,-6.87,4.25,4.04,-8,-7.59,-1.93,-1.93,10,Short,Regime Flat
23,long,2025-03-14T15:30:00Z,2025-03-15T02:30:00Z,2.3743,2.3352,41.31,98.082333,-1.71,-1.75,0.47,0.48,-2.95,-3.01,-3.65,-3.65,22,Long,Regime Flat
24,short,2025-03-16T11:30:00Z,2025-03-16T16:30:00Z,2.2581,2.2858,42.66,96.330546,-1.28,-1.33,2.22,2.30,-1.85,-1.92,-4.92,-4.92,10,Short,Regime Flat
25,short,2025-03-21T05:30:00Z,2025-03-21T19:00:00Z,2.311,2.2716,41.13,95.05143,1.53,1.60,2.79,2.94,-0.43,-0.45,-3.4,-3.40,27,Short,Regime Flat
26,long,2025-03-24T09:30:00Z,2025-03-24T21:00:00Z,2.3859,2.4173,40.49,96.605091,1.17,1.21,2.6,2.69,-0.53,-0.55,-2.22,-2.22,23,Long,Regime Flat
27,long,2025-03-25T19:30:00Z,2025-03-26T02:30:00Z,2.4539,2.4642,39.84,97.763376,0.31,0.32,1.64,1.67,-0.99,-1.01,-1.91,-1.91,14,Long,Regime Flat
28,long,2025-03-26T12:00:00Z,2025-03-26T16:00:00Z,2.6169,2.5625,37.48,98.081412,-2.14,-2.18,1.33,1.36,-2.66,-2.71,-4.05,-4.05,8,Long,Regime Flat
29,long,2025-03-27T08:30:00Z,2025-03-27T12:00:00Z,2.813,2.7245,34.11,95.95143,-3.11,-3.24,0.17,0.18,-3.49,-3.63,-7.16,-7.16,7,Long,Regime Flat
30,short,2025-03-28T08:30:00Z,2025-03-28T23:00:00Z,2.5745,2.5195,36.06,92.83647,1.89,2.04,3.71,4.00,-1.33,-1.43,-5.27,-5.27,29,Short,Regime Flat
31,short,2025-03-29T11:30:00Z,2025-03-30T01:30:00Z,2.3187,2.3046,40.85,94.718895,0.48,0.51,2.84,3.00,-1.12,-1.18,-4.79,-4.79,28,Short,Regime Flat
32,short,2025-04-02T06:30:00Z,2025-04-02T09:00:00Z,2.332,2.3924,40.82,95.19224,-2.56,-2.69,0.63,0.67,-2.55,-2.68,-7.35,-7.35,5,Short,Regime Flat
33,short,2025-04-03T18:00:00Z,2025-04-03T22:00:00Z,2.2222,2.2512,41.69,92.643518,-1.3,-1.40,0.74,0.80,-1.66,-1.80,-8.65,-8.65,8,Short,Regime Flat
34,short,2025-04-06T14:00:00Z,2025-04-07T10:30:00Z,2.0904,1.8494,43.69,91.329576,10.44,11.43,16.25,17.78,-1.28,-1.40,1.79,1.79,41,Short,Regime Flat
35,long,2025-04-09T20:00:00Z,2025-04-10T08:30:00Z,2.2548,2.1421,45.14,101.781672,-5.19,-5.09,1.48,1.46,-6.7,-6.58,-3.39,-3.39,25,Long,Regime Flat
36,long,2025-04-11T07:00:00Z,2025-04-11T14:30:00Z,2.1989,2.1605,43.93,96.597677,-1.78,-1.84,1.75,1.81,-1.93,-2.00,-5.18,-5.18,15,Long,Regime Flat
37,long,2025-04-12T14:30:00Z,2025-04-13T05:00:00Z,2.3243,2.3581,40.79,94.808197,1.28,1.35,3.72,3.92,-2.22,-2.34,-3.89,-3.89,29,Long,Regime Flat
38,short,2025-04-15T02:30:00Z,2025-04-15T07:00:00Z,2.1767,2.1854,44.15,96.101305,-0.48,-0.50,0.49,0.51,-1.66,-1.73,-4.37,-4.37,9,Short,Regime Flat
39,short,2025-04-16T01:00:00Z,2025-04-16T09:00:00Z,2.0793,2.0939,45.98,95.606214,-0.77,-0.80,1.11,1.16,-1.66,-1.73,-5.14,-5.14,16,Short,Regime Flat
40,long,2025-04-21T06:30:00Z,2025-04-21T16:30:00Z,2.2446,2.2271,42.26,94.856796,-0.83,-0.88,1.65,1.74,-1.16,-1.23,-5.98,-5.98,20,Long,Regime Flat
41,long,2025-04-22T09:00:00Z,2025-04-23T15:30:00Z,2.3073,2.8823,40.75,94.022475,23.33,24.80,31.12,33.08,-0.46,-0.49,17.35,17.35,61,Long,Regime Flat
42,long,2025-04-24T19:00:00Z,2025-04-25T19:30:00Z,3.3144,3.5955,35.4,117.32976,9.83,8.37,17.41,14.83,-3.35,-2.85,27.18,27.18,49,Long,Regime Flat
43,long,2025-05-01T11:30:00Z,2025-05-01T21:00:00Z,3.6407,3.6622,34.92,127.133244,0.62,0.49,4.34,3.41,-0.28,-0.22,27.8,27.80,19,Long,Regime Flat
44,short,2025-05-02T04:30:00Z,2025-05-02T15:00:00Z,3.5097,3.484,36.41,127.788177,0.81,0.63,3.83,2.99,-0.09,-0.07,28.61,28.61,21,Short,Regime Flat
45,short,2025-05-03T18:30:00Z,2025-05-03T22:30:00Z,3.307,3.3411,38.89,128.60923,-1.46,-1.13,0.97,0.76,-1.48,-1.15,27.15,27.15,8,Short,Regime Flat
46,long,2025-05-08T04:30:00Z,2025-05-09T03:30:00Z,3.6366,3.9385,34.95,127.09917,10.42,8.19,16.44,12.93,-2.35,-1.85,37.57,37.57,46,Long,Regime Flat
47,short,2025-05-17T02:00:00Z,2025-05-17T04:00:00Z,3.6933,3.7884,37.25,137.575425,-3.68,-2.67,0.84,0.61,-3.89,-2.83,33.89,33.89,4,Short,Regime Flat
48,long,2025-05-22T08:30:00Z,2025-05-22T11:30:00Z,4.1567,3.9456,32.21,133.887307,-6.93,-5.17,1.32,0.98,-8.29,-6.19,26.96,26.96,6,Long,Regime Flat
49,long,2025-05-26T07:30:00Z,2025-05-26T10:00:00Z,3.626,3.5916,35.01,126.94626,-1.33,-1.05,1.13,0.89,-1.47,-1.16,25.63,25.63,5,Long,Regime Flat
50,short,2025-05-26T19:00:00Z,2025-05-27T06:30:00Z,3.4635,3.4639,36.27,125.621145,-0.14,-0.11,2.16,1.72,-2.04,-1.62,25.49,25.49,23,Short,Regime Flat
51,long,2025-05-27T20:00:00Z,2025-05-28T03:30:00Z,3.7086,3.6916,33.83,125.461938,-0.7,-0.56,0.49,0.39,-2.64,-2.11,24.79,24.79,15,Long,Regime Flat
52,short,2025-05-31T00:30:00Z,2025-05-31T13:30:00Z,3.1227,3.1819,39.96,124.783092,-2.49,-2.00,2.82,2.26,-3.64,-2.91,22.3,22.30,26,Short,Regime Flat
53,short,2025-06-05T19:30:00Z,2025-06-06T07:30:00Z,2.9992,3.0234,40.77,122.277384,-1.11,-0.91,4.78,3.91,-1.15,-0.94,21.19,21.19,24,Short,Regime Flat
54,long,2025-06-06T14:30:00Z,2025-06-07T14:30:00Z,3.1816,3.2724,38.09,121.187144,3.34,2.75,4.94,4.08,-1.61,-1.33,24.53,24.53,48,Long,Regime Flat
55,long,2025-06-09T19:30:00Z,2025-06-10T02:30:00Z,3.372,3.3971,36.92,124.49424,0.8,0.64,3.9,3.13,-0.31,-0.25,25.33,25.33,14,Long,Regime Flat
56,short,2025-06-12T05:30:00Z,2025-06-12T14:00:00Z,3.3387,3.3094,37.53,125.301411,0.97,0.78,3.39,2.71,-0.63,-0.50,26.3,26.30,17,Short,Regime Flat
57,short,2025-06-13T01:00:00Z,2025-06-13T15:30:00Z,2.9904,3.0456,42.23,126.284592,-2.46,-1.95,3.01,2.38,-3.24,-2.56,23.84,23.84,29,Short,Regime Flat
58,short,2025-06-14T16:00:00Z,2025-06-14T22:30:00Z,2.9233,2.9325,42.36,123.830988,-0.51,-0.41,5,4.03,-0.6,-0.48,23.33,23.33,13,Short,Regime Flat
59,short,2025-06-17T10:00:00Z,2025-06-18T01:00:00Z,2.9463,2.8421,41.85,123.302655,4.24,3.44,6.05,4.90,-0.24,-0.20,27.57,27.57,30,Short,Regime Flat
60,short,2025-06-20T23:30:00Z,2025-06-21T05:30:00Z,2.7021,2.7396,47.21,127.566141,-1.9,-1.49,0,0.00,-2.22,-1.74,25.67,25.67,12,Short,Regime Flat
61,short,2025-06-21T19:00:00Z,2025-06-22T05:00:00Z,2.5939,2.5755,48.45,125.674455,0.77,0.61,6.72,5.34,-1.06,-0.84,26.44,26.44,20,Short,Regime Flat
62,short,2025-06-22T20:00:00Z,2025-06-22T23:00:00Z,2.3538,2.4507,53.72,126.446136,-5.33,-4.22,3.26,2.58,-5.27,-4.17,21.1,21.10,6,Short,Regime Flat
63,long,2025-06-24T06:00:00Z,2025-06-24T11:30:00Z,2.8744,2.797,42.13,121.098472,-3.38,-2.79,1.42,1.17,-4.5,-3.71,17.72,17.72,11,Long,Regime Flat
64,short,2025-06-26T17:00:00Z,2025-06-27T01:30:00Z,2.6073,2.6239,45.15,117.719595,-0.87,-0.74,1.63,1.39,-2.43,-2.06,16.85,16.85,17,Short,Regime Flat
65,long,2025-06-28T18:00:00Z,2025-06-29T03:30:00Z,2.783,2.7837,41.98,116.83034,-0.09,-0.07,2.44,2.08,-1.38,-1.18,16.77,16.77,19,Long,Regime Flat
66,short,2025-06-30T14:00:00Z,2025-06-30T16:30:00Z,2.7553,2.792,42.38,116.769614,-1.67,-1.43,0.87,0.75,-2.8,-2.40,15.09,15.09,5,Short,Regime Flat
67,short,2025-07-01T18:30:00Z,2025-07-02T01:30:00Z,2.6734,2.6825,43.05,115.08987,-0.51,-0.44,1.21,1.05,-1.12,-0.97,14.59,14.59,14,Short,Regime Flat
68,long,2025-07-02T14:30:00Z,2025-07-03T11:30:00Z,2.7962,3.0185,40.97,114.560314,8.99,7.84,11.94,10.42,-0.55,-0.48,23.58,23.58,42,Long,Regime Flat
69,short,2025-07-04T16:00:00Z,2025-07-04T22:30:00Z,2.8643,2.8854,43.14,123.565902,-1.03,-0.84,1.82,1.47,-1.07,-0.86,22.54,22.54,13,Short,Regime Flat
70,long,2025-07-09T23:00:00Z,2025-07-11T09:00:00Z,3.0871,3.5062,39.68,122.496128,16.5,13.46,18.37,14.99,-1.25,-1.02,39.04,39.04,68,Long,Regime Flat
71,long,2025-07-14T02:00:00Z,2025-07-14T17:30:00Z,3.718,3.869,37.39,139.01602,5.5,3.96,10.62,7.64,-0.4,-0.29,44.54,44.54,31,Long,Regime Flat
72,short,2025-07-18T20:00:00Z,2025-07-19T05:30:00Z,3.8068,3.792,37.97,144.544196,0.42,0.29,5.8,4.01,-1.07,-0.74,44.96,44.96,19,Short,Regime Flat
73,long,2025-07-20T08:00:00Z,2025-07-20T18:00:00Z,3.96,3.9056,36.6,144.936,-2.13,-1.47,2.74,1.89,-2.36,-1.63,42.83,42.83,20,Long,Regime Flat
74,short,2025-07-23T14:00:00Z,2025-07-24T00:30:00Z,3.7189,3.7894,38.41,142.842949,-2.85,-2.00,5.1,3.57,-4.1,-2.87,39.97,39.97,21,Short,Regime Flat
75,long,2025-07-25T21:00:00Z,2025-07-26T12:30:00Z,3.9319,4.0693,35.59,139.936321,4.75,3.39,5.19,3.71,-0.08,-0.06,44.72,44.72,31,Long,Regime Flat
76,long,2025-07-26T16:30:00Z,2025-07-26T23:30:00Z,4.2901,4.1657,33.73,144.705073,-4.34,-3.00,0.92,0.63,-4.54,-3.13,40.38,40.38,14,Long,Regime Flat
77,long,2025-07-27T13:00:00Z,2025-07-27T14:00:00Z,4.4149,4.2432,31.79,140.349671,-5.6,-3.99,0.62,0.44,-5.78,-4.12,34.79,34.79,2,Long,Regime Flat
78,short,2025-07-28T15:30:00Z,2025-07-29T07:00:00Z,4.1164,3.9573,32.74,134.770936,5.08,3.77,7.78,5.77,-0.38,-0.28,39.86,39.86,31,Short,Regime Flat
79,long,2025-07-31T10:00:00Z,2025-07-31T13:30:00Z,3.9185,3.7743,35.69,139.851265,-5.28,-3.78,0.04,0.03,-6.14,-4.39,34.58,34.58,7,Long,Regime Flat
80,short,2025-07-31T22:00:00Z,2025-08-01T14:30:00Z,3.6803,3.5381,36.56,134.551768,5.07,3.76,9.66,7.18,-0.07,-0.06,39.65,39.65,33,Short,Regime Flat
81,long,2025-08-07T11:30:00Z,2025-08-08T02:00:00Z,3.7244,3.7524,37.49,139.627756,0.91,0.65,3.08,2.21,-3.56,-2.55,40.56,40.56,29,Long,Regime Flat
82,short,2025-08-11T18:00:00Z,2025-08-12T02:30:00Z,3.7084,3.6922,37.9,140.54836,0.47,0.34,3.31,2.36,-0.62,-0.44,41.03,41.03,17,Short,Regime Flat
83,long,2025-08-12T20:30:00Z,2025-08-13T06:00:00Z,3.9123,3.8587,36.04,140.999292,-2.07,-1.47,0.87,0.62,-3.55,-2.52,38.96,38.96,19,Long,Regime Flat
84,short,2025-08-14T18:00:00Z,2025-08-15T04:00:00Z,3.7759,3.8406,36.8,138.95312,-2.52,-1.81,4.64,3.34,-2.51,-1.80,36.44,36.44,20,Short,Regime Flat
85,short,2025-08-18T03:00:00Z,2025-08-18T16:30:00Z,3.6208,3.5997,37.68,136.431744,0.66,0.48,3.81,2.79,-1.06,-0.78,37.1,37.10,27,Short,Regime Flat
86,long,2025-08-22T21:30:00Z,2025-08-23T07:30:00Z,3.7668,3.761,36.39,137.073852,-0.35,-0.25,1.3,0.95,-5.96,-4.35,36.75,36.75,20,Long,Regime Flat
87,short,2025-08-25T09:30:00Z,2025-08-26T02:00:00Z,3.4679,3.3827,39.43,136.739297,3.22,2.36,6.16,4.50,-1.64,-1.20,39.97,39.97,33,Short,Regime Flat
88,short,2025-08-29T17:30:00Z,2025-08-29T22:30:00Z,3.2706,3.2679,42.79,139.948974,-0.02,-0.02,2.54,1.81,-0.58,-0.41,39.95,39.95,10,Short,Regime Flat
89,short,2025-09-01T02:30:00Z,2025-09-01T08:00:00Z,3.192,3.2862,43.84,139.93728,-4.27,-3.05,2.05,1.46,-4.3,-3.07,35.68,35.68,11,Short,Regime Flat
90,short,2025-09-04T14:30:00Z,2025-09-04T20:30:00Z,3.2829,3.2684,41.32,135.649428,0.46,0.34,2.07,1.53,-0.43,-0.32,36.14,36.14,12,Short,Regime Flat
91,short,2025-09-06T20:00:00Z,2025-09-07T00:00:00Z,3.3155,3.3336,41.06,136.13443,-0.88,-0.65,0,0.00,-1.07,-0.79,35.26,35.26,8,Short,Regime Flat
92,long,2025-09-07T12:00:00Z,2025-09-07T16:30:00Z,3.4199,3.3976,39.55,135.257045,-1.02,-0.75,0,0.00,-1.23,-0.91,34.24,34.24,9,Long,Regime Flat
93,long,2025-09-09T11:00:00Z,2025-09-09T13:00:00Z,3.5935,3.5511,37.35,134.217225,-1.72,-1.28,0.22,0.17,-1.92,-1.43,32.53,32.53,4,Long,Regime Flat
94,short,2025-09-09T22:30:00Z,2025-09-10T02:30:00Z,3.4637,3.5451,38.26,132.521162,-3.25,-2.45,0.29,0.22,-3.31,-2.50,29.28,29.28,8,Short,Regime Flat
95,long,2025-09-10T16:00:00Z,2025-09-10T17:30:00Z,3.6105,3.5876,35.8,129.2559,-0.95,-0.73,0.07,0.06,-1.32,-1.02,28.33,28.33,3,Long,Regime Flat
96,long,2025-09-13T12:00:00Z,2025-09-13T14:00:00Z,3.8326,3.7894,33.48,128.315448,-1.57,-1.23,1.58,1.23,-3.01,-2.34,26.76,26.76,4,Long,Regime Flat
97,short,2025-09-15T13:00:00Z,2025-09-15T23:30:00Z,3.5093,3.5196,36.12,126.755916,-0.5,-0.39,1.83,1.44,-1.11,-0.88,26.26,26.26,21,Short,Regime Flat
98,long,2025-09-16T14:00:00Z,2025-09-16T16:30:00Z,3.6485,3.603,34.6,126.2381,-1.7,-1.35,0,0.00,-2.92,-2.31,24.56,24.56,5,Long,Regime Flat
99,long,2025-09-18T01:30:00Z,2025-09-18T23:30:00Z,3.7927,3.8686,32.84,124.552268,2.37,1.90,5.89,4.72,-1.39,-1.11,26.92,26.92,44,Long,Regime Flat
100,short,2025-09-19T09:30:00Z,2025-09-20T02:30:00Z,3.7905,3.6604,33.48,126.90594,4.23,3.33,5.99,4.72,-0.25,-0.20,31.16,31.16,34,Short,Regime Flat
101,short,2025-09-22T05:00:00Z,2025-09-22T21:00:00Z,3.5038,3.3417,37.43,131.147234,5.94,4.53,10.7,8.15,-0.14,-0.11,37.1,37.10,32,Short,Regime Flat
102,short,2025-09-25T12:30:00Z,2025-09-25T14:30:00Z,3.1326,3.2343,43.76,137.082576,-4.59,-3.35,0.52,0.38,-5.18,-3.78,32.51,32.51,4,Short,Regime Flat
103,long,2025-09-28T21:30:00Z,2025-09-29T11:00:00Z,3.2279,3.2371,41.05,132.505295,0.24,0.18,3.94,2.97,-0.4,-0.30,32.75,32.75,27,Long,Regime Flat
104,short,2025-09-30T11:30:00Z,2025-09-30T19:30:00Z,3.2121,3.2083,41.32,132.723972,0.02,0.02,2.47,1.86,-1.4,-1.05,32.77,32.77,16,Short,Regime Flat
105,long,2025-10-01T10:30:00Z,2025-10-02T10:30:00Z,3.3929,3.5451,39.13,132.764177,5.82,4.38,7.74,5.83,-0.52,-0.39,38.59,38.59,48,Long,Regime Flat
106,short,2025-10-05T20:00:00Z,2025-10-06T01:30:00Z,3.5323,3.5742,39.23,138.572129,-1.78,-1.29,0.18,0.13,-2.25,-1.63,36.81,36.81,11,Short,Regime Flat
107,short,2025-10-07T19:00:00Z,2025-10-08T06:30:00Z,3.4513,3.4528,39.64,136.809532,-0.2,-0.14,1.05,0.76,-1.5,-1.10,36.62,36.62,23,Short,Regime Flat
108,short,2025-10-09T08:30:00Z,2025-10-09T18:00:00Z,3.38,3.3912,40.41,136.5858,-0.59,-0.43,2.2,1.61,-2.19,-1.60,36.03,36.03,19,Short,Regime Flat
109,short,2025-10-10T19:30:00Z,2025-10-11T06:30:00Z,3.2001,2.751,42.5,136.00425,18.96,13.93,112.2,82.45,-2.73,-2.01,54.99,54.99,22,Short,Regime Flat
110,short,2025-10-11T23:30:00Z,2025-10-12T11:00:00Z,2.5478,2.4983,60.83,154.982674,2.86,1.84,6.62,4.27,-0.95,-0.61,57.84,57.84,23,Short,Regime Flat
111,long,2025-10-12T18:30:00Z,2025-10-13T07:00:00Z,2.7897,2.8259,56.58,157.841226,1.89,1.20,4.69,2.97,-3.06,-1.93,59.73,59.73,25,Long,Regime Flat
112,short,2025-10-14T10:30:00Z,2025-10-14T16:30:00Z,2.6887,2.8369,59.4,159.70878,-8.97,-5.61,2.21,1.38,-10.97,-6.86,50.77,50.77,12,Short,Regime Flat
113,short,2025-10-15T23:00:00Z,2025-10-16T06:30:00Z,2.6604,2.6885,56.67,150.764868,-1.74,-1.16,0.16,0.11,-3.26,-2.16,49.02,49.02,15,Short,Regime Flat
114,short,2025-10-17T08:00:00Z,2025-10-17T14:00:00Z,2.364,2.4049,63.03,149.00292,-2.73,-1.83,5.27,3.54,-3.93,-2.63,46.29,46.29,12,Short,Regime Flat
115,short,2025-10-21T04:30:00Z,2025-10-21T14:30:00Z,2.5042,2.5411,58.41,146.270322,-2.3,-1.57,2.02,1.38,-4.2,-2.87,43.99,43.99,20,Short,Regime Flat
116,short,2025-10-22T06:00:00Z,2025-10-22T15:00:00Z,2.4161,2.4592,59.59,143.975399,-2.71,-1.88,2.63,1.83,-2.64,-1.83,41.28,41.28,18,Short,Regime Flat
117,long,2025-10-23T13:30:00Z,2025-10-23T19:30:00Z,2.4575,2.4653,57.48,141.2571,0.31,0.22,2.57,1.82,-2.07,-1.46,41.58,41.58,12,Long,Regime Flat
118,long,2025-10-26T13:30:00Z,2025-10-27T06:00:00Z,2.6466,2.6869,53.49,141.566634,2.01,1.42,3.72,2.62,-2.46,-1.74,43.6,43.60,33,Long,Regime Flat
119,short,2025-10-29T01:00:00Z,2025-10-29T11:00:00Z,2.4958,2.51,57.53,143.583374,-0.96,-0.67,1,0.70,-1.77,-1.24,42.64,42.64,20,Short,Regime Flat
120,short,2025-10-30T14:00:00Z,2025-10-31T03:30:00Z,2.3398,2.3218,60.96,142.634208,0.96,0.67,8.09,5.67,-0.83,-0.58,43.59,43.59,27,Short,Regime Flat
121,short,2025-11-03T04:00:00Z,2025-11-04T01:00:00Z,2.2071,2.0817,65.06,143.593926,8.02,5.58,14.31,9.96,-1.45,-1.01,51.61,51.61,42,Short,Regime Flat
122,long,2025-11-07T18:00:00Z,2025-11-08T06:30:00Z,2.1357,2.1217,70.98,151.591986,-1.14,-0.75,4.44,2.93,-1.59,-1.05,50.47,50.47,25,Long,Regime Flat
123,short,2025-11-11T18:00:00Z,2025-11-12T07:30:00Z,2.0728,2.0347,72.58,150.443824,2.62,1.74,5.84,3.88,-0.63,-0.42,53.08,53.08,27,Short,Regime Flat
124,short,2025-11-13T20:30:00Z,2025-11-14T09:30:00Z,1.8362,1.8066,83.36,153.065632,2.32,1.51,6.15,4.02,-4.5,-2.94,55.4,55.40,26,Short,Regime Flat
125,short,2025-11-19T17:00:00Z,2025-11-19T21:30:00Z,1.5515,1.5772,100.15,155.382725,-2.73,-1.76,4.26,2.74,-4.46,-2.87,52.67,52.67,9,Short,Regime Flat
126,short,2025-11-20T17:30:00Z,2025-11-21T18:00:00Z,1.4985,1.3972,101.87,152.652195,10.17,6.66,18.67,12.22,-5.3,-3.47,62.84,62.84,49,Short,Regime Flat
127,long,2025-11-24T19:30:00Z,2025-11-25T08:30:00Z,1.5636,1.5242,104.14,162.833304,-4.26,-2.62,0.78,0.48,-4.86,-2.98,58.58,58.58,26,Long,Regime Flat
128,short,2025-11-26T14:30:00Z,2025-11-26T17:30:00Z,1.4875,1.5147,106.6,158.5675,-3.06,-1.93,1.96,1.23,-3.36,-2.12,55.52,55.52,6,Short,Regime Flat
129,short,2025-11-29T06:30:00Z,2025-11-29T08:30:00Z,1.5035,1.5026,103.43,155.507005,-0.06,-0.04,0.99,0.63,-0.99,-0.63,55.45,55.45,4,Short,Regime Flat
130,short,2025-12-01T01:30:00Z,2025-12-01T21:30:00Z,1.3926,1.3371,111.62,155.442012,6.04,3.89,9.98,6.42,-0.86,-0.55,61.5,61.50,40,Short,Regime Flat
131,long,2025-12-02T14:30:00Z,2025-12-03T14:00:00Z,1.4341,1.707,112.61,161.494001,30.55,18.91,39.93,24.71,-0.72,-0.45,92.05,92.05,47,Long,Regime Flat
132,short,2025-12-06T06:30:00Z,2025-12-06T09:30:00Z,1.5451,1.5312,124.3,192.05593,1.54,0.80,4.34,2.26,-0.1,-0.05,93.59,93.59,6,Short,Regime Flat
133,long,2025-12-09T18:30:00Z,2025-12-09T22:00:00Z,1.7112,1.6439,113.12,193.570944,-7.8,-4.03,0,0.00,-9.35,-4.83,85.78,85.78,7,Long,Regime Flat
134,short,2025-12-11T10:30:00Z,2025-12-11T16:00:00Z,1.5388,1.5406,120.74,185.794712,-0.4,-0.22,2.42,1.30,-2.76,-1.49,85.38,85.38,11,Short,Regime Flat
135,long,2025-12-12T06:00:00Z,2025-12-12T12:30:00Z,1.6495,1.6378,112.39,185.387305,-1.5,-0.81,1.51,0.82,-2.78,-1.50,83.88,83.88,13,Long,Regime Flat
136,short,2025-12-15T17:00:00Z,2025-12-16T06:30:00Z,1.4726,1.4765,124.85,183.85411,-0.67,-0.36,5.4,2.94,-0.69,-0.38,83.21,83.21,27,Short,Regime Flat
137,short,2025-12-18T06:00:00Z,2025-12-18T07:30:00Z,1.3947,1.4006,131.36,183.207792,-0.96,-0.52,0.26,0.14,-1.16,-0.63,82.25,82.25,3,Short,Regime Flat
138,long,2025-12-19T11:00:00Z,2025-12-20T01:00:00Z,1.4234,1.4678,128.03,182.237902,5.5,3.02,9.38,5.15,-0.78,-0.43,87.75,87.75,28,Long,Regime Flat
139,long,2025-12-28T00:00:00Z,2025-12-28T15:00:00Z,1.4506,1.4619,129.42,187.736652,1.27,0.68,2.09,1.11,-1.44,-0.77,89.02,89.02,30,Long,Regime Flat
140,short,2025-12-29T19:00:00Z,2025-12-30T04:00:00Z,1.4343,1.4332,131.79,189.026397,-0.04,-0.02,2.29,1.21,-1.87,-0.99,88.98,88.98,18,Short,Regime Flat
141,short,2025-12-31T18:00:00Z,2026-01-01T08:00:00Z,1.4026,1.402,134.73,188.972298,-0.11,-0.06,2.02,1.07,-1.93,-1.02,88.87,88.87,28,Short,Regime Flat
142,long,2026-01-01T18:00:00Z,2026-01-03T08:00:00Z,1.4418,1.6237,131,188.8758,23.63,12.50,32.54,17.22,-0.83,-0.44,112.5,112.50,76,Long,Regime Flat
143,long,2026-01-04T04:00:00Z,2026-01-04T14:30:00Z,1.703,1.692,124.77,212.48331,-1.58,-0.75,1.68,0.79,-3.35,-1.58,110.92,110.92,21,Long,Regime Flat
144,long,2026-01-05T19:30:00Z,2026-01-06T11:30:00Z,1.796,1.9614,117.43,210.90428,19.2,9.10,22.98,10.89,-0.54,-0.26,130.12,130.12,32,Long,Regime Flat
145,short,2026-01-08T02:30:00Z,2026-01-08T08:00:00Z,1.815,1.812,126.79,230.12385,0.15,0.07,6.4,2.78,-0.36,-0.15,130.27,130.27,11,Short,Regime Flat
146,long,2026-01-13T17:00:00Z,2026-01-14T05:00:00Z,1.8362,1.8576,125.39,230.241118,2.45,1.06,12.65,5.49,-2.79,-1.21,132.72,132.72,24,Long,Regime Flat
147,long,2026-01-17T06:30:00Z,2026-01-17T12:00:00Z,1.7942,1.7919,129.7,232.70774,-0.53,-0.23,1.63,0.70,-1.24,-0.53,132.19,132.19,11,Long,Regime Flat
148,short,2026-01-19T00:30:00Z,2026-01-19T16:30:00Z,1.5967,1.5697,145.4,232.16018,3.7,1.59,8.03,3.46,-1.31,-0.56,135.89,135.89,32,Short,Regime Flat
149,short,2026-01-25T16:30:00Z,2026-01-26T02:00:00Z,1.4229,1.4355,165.77,235.874133,-2.33,-0.99,8.85,3.75,-3.1,-1.31,133.56,133.56,19,Short,Regime Flat
150,short,2026-01-29T03:00:00Z,2026-01-30T01:00:00Z,1.3639,1.3266,171.24,233.554236,6.16,2.63,15.16,6.49,-2,-0.86,139.72,139.72,44,Short,Regime Flat
151,short,2026-01-31T10:00:00Z,2026-02-01T01:00:00Z,1.2188,1.1608,196.69,239.725772,11.17,4.66,36.92,15.39,-2.3,-0.96,150.89,150.89,30,Short,Close
